{
    "localhost": {
        "appenders": [
            {
                "type": "console",
                "category": "console"
            },

            {
                "type": "console",
                "category": "access"
            },

            {
                "type": "console",
                "category": "application"
            }
        ],

        "replaceConsole": true,
        "levels": {
            "console": "ALL",
            "access": "ALL",
            "application": "ALL"
        }
    },

    "debug": {
        "appenders": [
            {
                "type": "console",
                "category": "console"
            },

            {
                "type": "console",
                "category": "access"
            },

            {
                "type": "console",
                "category": "application"
            }
        ],

        "replaceConsole": true,
        "levels": {
            "console": "ALL",
            "access": "ALL",
            "application": "ALL"
        }
    },

    "development": {
        "appenders": [
            {
                "type": "console",
                "category": "console"
            },

            {
                "type": "file",
                "category": "access",
                "filename": "/data/logs/web-server/access.log",
                "maxLogSize": 102400000,
                "backups": 100
            },

            {
                "type": "dateFile",
                "category": "application",
                "filename": "/data/logs/web-server/application.log",
                "pattern": "-yyyy-MM-dd",
                "alwaysIncludePattern": true
            }
        ],

        "replaceConsole": true,
        "levels": {
            "console": "ALL",
            "access": "ALL",
            "application": "ALL"
        }
    },

    "production": {
        "appenders": [
            {
                "type": "console",
                "category": "console"
            },

            {
                "type": "file",
                "category": "access",
                "filename": "/data/logs/web-server/access.log",
                "maxLogSize": 102400000,
                "backups": 100
            },

            {
                "type": "dateFile",
                "category": "application",
                "filename": "/data/logs/web-server/application.log",
                "pattern": "-yyyy-MM-dd",
                "alwaysIncludePattern": true
            }
        ],

        "replaceConsole": true,
        "levels": {
            "console": "ALL",
            "access": "ALL",
            "application": "ALL"
        }
    }
}